﻿key,0,1,2,3,4
#,Group,Key,LookupTable,Text,GroupTitle
offset,12,14,8,0,4
int32,uint16,uint16,str,str,str
100,1,0,"@","【语言】","コトバ."
101,1,1,"","请使用定型文翻译系统。","テイケイブンジショヲツカッテクダサイ。"
102,1,10,"","日语","ニホンゴ"
103,1,11,"","英语","エイゴ"
104,1,12,"","法语","フランスゴ"
105,1,13,"","德语","ドイツゴ"
106,1,31,"","你会说日语吗？","ニホンゴハハナセマスカ?"
107,1,32,"","你会说英语吗？","エイゴハハナセマスカ?"
108,1,33,"","你会说法语吗？","フランスゴハハナセマスカ?"
109,1,34,"","你会说德语吗？","ドイツゴハハナセマスカ?"
110,1,41,"","我不会说英语。","ワタシハエイゴガハナセマセン。"
111,1,40,"","我不会说日语。","ワタシハニホンゴガハナセマセン。"
112,1,42,"","我不会说法语。","ワタシハフランスゴガハナセマセン。"
113,1,43,"","我不会说德语。","ワタシハドイツゴガハナセマセン。"
114,1,20,"","请听着。","キイテクダサイ。"
115,1,21,"","能听见吗？","キコエテイマスカ?"
116,1,22,"","我会说一点。","スコシハナセマス。"
117,1,23,"","我能看懂一点。","スコシナラリカイデキマス。"
118,1,24,"","请用简单的词汇。","カンタンナタンゴデハナシテクダサイ。"
119,1,25,"","请不要使用省略语。","ショウリャクケイデハナクフルスペルデオネガイシマス。"
120,1,26,"","请稍等，我需要些时间来回复。","ヘンジスルノデチョットマッテクダサイ。"
121,1,30,"","你的母语是什么？","ボコクゴハナンデスカ?"
200,2,0,"@","【问候语】","アイサツ."
201,2,1,"","很高兴见到你。","ハジメマシテ。"
202,2,2,"","早上好！","オハヨウ。"
203,2,3,"","你好！","コンニチハ。"
204,2,4,"","晚上好！","コンバンハ。"
205,2,5,"","晚安！","オヤスミナサイ。"
206,2,6,"","再会。","サヨウナラ。"
207,2,7,"","今天很高兴。","キョウハタノシカッタデス。"
208,2,8,"","回头见！","マタアイマショウ!"
209,2,9,"","有时间再一起玩！","マタアソビマショウ。"
210,2,10,"","我回来了！","タダイマ。"
211,2,11,"","欢迎回来。","オカエリ。"
212,2,12,"","恭喜！","オメデトウ!"
213,2,13,"","干得好！","ヨクヤッタ!"
214,2,14,"","加油！","ガンバッテ!"
215,2,15,"","太好了！","ヤッター!"
216,2,16,"","谢谢你。","アリガトウ。"
217,2,17,"","不客气。","ドウイタシマシテ。"
218,2,18,"","多保重。","キヲツケテクダサイ。"
219,2,19,"","对不起。","ゴメンナサイ。"
220,2,20,"","请原谅我。","ユルシテクダサイ。"
221,2,21,"","很遗憾。","ザンネンデス。"
222,2,22,"","打扰一下……","チョットイイデスカ?"
223,2,23,"","祝你旅途愉快。","ソレデハヨイタビヲ。"
224,2,24,"","我是第一次来这里。","ココニクルノハハジメテデス。"
225,2,25,"","我很期待！","タノシミデス!"
226,2,26,"","打得好！辛苦了！","オツカレサマデシタ。"
227,2,27,"","请多关照！","ヨロシクオネガイシマス!"
228,2,28,"","我得走了，非常感谢各位。","アリガトウゴザイマシタ。コレデシツレイシマス。"
229,2,29,"","我们玩得轻松点吧！","キラクニヤリマショウ!"
230,2,31,"","我会尽力的！","ガンバリマス!"
231,2,30,"","一起加油吧！","イッショニガンバリマショウ!"
232,2,32,"","好好期待吧！","タノシミマショウ!"
233,2,33,"","冷静一点吧！","オチツイテイキマショウ!"
300,3,0,"@","【提问】","シツモン."
301,3,1,"","谁？","ダレデスカ?"
302,3,2,"","哪个？","ドチラデスカ?"
303,3,3,"","怎样？","ドウスレバイイデスカ?"
304,3,4,"","什么？","ナンデスカ?"
305,3,5,"","什么时候？","イツデスカ?"
306,3,6,"","多少？","イクツデスカ?"
307,3,7,"","在哪？","ドコデスカ?"
308,3,8,"","为什么？","ナゼデスカ?"
309,3,9,"","怎么了？","ドウシテデスカ?"
310,3,10,"","我们要去哪？","ドコニイキマスカ?"
311,3,11,"","你可以吗？","デキマスカ?"
312,3,12,"","需要帮忙吗？","タスケハイリマスカ?"
313,3,13,"","我们做什么任务？","ドノコンテンツヲヤリマスカ?"
314,3,14,"","你能做什么任务？","ドノコンテンツナラデキマスカ?"
315,3,15,"","你有吗？","モッテイマスカ?"
316,3,16,"","现在你在使用什么武器？","イマドンナブキヲモッテイマスカ?"
317,3,17,"","你还能使用其他什么职业？","ホカニドノクラスガデキマスカ?"
318,3,18,"","你还能担任其他什么职能？","ホカニドノロールガデキマスカ?"
319,3,19,"","你设定好了吗？","セットシテイマスカ?"
320,3,20,"","用什么战术？","ドンナセンジュツデイキマスカ?"
321,3,21,"","我能加你为好友吗？","フレンドニナッテクレマセンカ?"
322,3,22,"","能休息下吗？","キュウケイシマセンカ?"
323,3,23,"","稍微修理一下吧？","シュウリシマショウカ?"
324,3,24,"","能帮我修理一下吗？","シュウリシテクレマセンカ?"
325,3,25,"","需要我帮你镶嵌魔晶石吗？","マテリアソウチャクシマショウカ?"
326,3,26,"","能帮我镶嵌下魔晶石吗？","マテリアソウチャクシテクレマセンカ?"
327,3,27,"","你要加入我的小队吗？","パーティニハイリマセンカ?"
328,3,28,"","能把我加入你的小队吗？","パーティニイレテクレマセンカ?"
329,3,29,"","我们把小队解散了怎么样？","パーティヲカイサンシマスカ?"
330,3,30,"","来加入我们的通讯贝吗？","リンクシェルニハイリマセンカ?"
331,3,31,"","能让我加入通讯贝吗？","リンクシェルニイレテクレマセンカ?"
332,3,32,"","来加入我们的部队吗？","フリーカンパニーニハイリマセンカ?"
333,3,33,"","能让我加入部队吗？","フリーカンパニーニイレテクレマセンカ?"
334,3,34,"","你在干什么？","ナニヲシテイマスカ?"
335,3,35,"","来进行卡片对局吗？","カードタイセンシマセンカ?"
336,3,36,"","我们改变一下规则好吗？","ルールヲカエマセンカ?"
337,3,37,"","来进行大赛对局吗？","タイカイノタイセンヲシマセンカ?"
338,3,38,"","魔力够用吗？","MPハダイジョウブデスカ?"
339,3,39,"","有什么不明白的地方吗？","ワカラナイコトハアリマスカ?"
340,3,40,"","看到了吗？","ミマシタカ?"
341,3,41,"","知道怎么打吗？","コウリャクホウホウハワカリマスカ?"
342,3,42,"","能说说打法吗？","サクセンヲタテマセンカ?"
343,3,43,"","要来共同骑乘吗？","アイノリシマセンカ?"
344,3,44,"","能让我共同骑乘吗？","アイノリサセテクレマセンカ?"
400,4,0,"@","【回答】","コタエ."
401,4,1,"","我不知道。","ワカリマセン。"
402,4,2,"","不，谢了。","イリマセン。"
403,4,3,"","好的，拜托了。","ハイ。オネガイシマス。"
404,4,4,"","拜托您了。","オネガイシマス。"
405,4,5,"","明白。","ワカリマシタ。"
406,4,6,"","抱歉，我现在很忙。","イマイソガシイノデ、アトニシテクダサイ。"
407,4,7,"","我现在想独自一人活动。","イマハヒトリデコウドウシタインデス。"
408,4,8,"","我不知道该怎么回答这个问题。","コタエタイケドヒョウゲンガワカリマセン。"
409,4,9,"","原来如此。","ナルホド。"
410,4,10,"","谢谢你的提案，不过还是算了。","セッカクダケドエンリョシマス。"
411,4,11,"","听起来有意思。","ヘェー。"
412,4,12,"","嗯……","エーット・・・"
413,4,13,"","啊？！","エッ!?"
414,4,14,"","真的？","ホントウニ?"
415,4,15,"","唔。","ムムム。"
416,4,16,"","一会还有别的事。","モウスグベツノヨテイガアルンデス。"
417,4,17,"","再来一局。","サイセンヲキボウシマス。"
418,4,18,"","结束对局吧。","タイセンヲオワリニシマショウ。"
419,4,19,"","我想暂停一会儿。","イチジチュウダンサセテクダサイ。"
420,4,20,"","有可能。","ソウカモシレマセン。"
500,5,0,"@","【理由】","リユウ."
501,5,1,"","正在咏唱。","エイショウチュウデス。"
502,5,2,"","该工作了。","シゴトノジカンデス。"
503,5,3,"","我约了人。","ヤクソクガアルンデス。"
504,5,4,"","我困了。","ネムクナリマシタ。"
505,5,5,"","我累了。","ツカレマシタ。"
506,5,6,"","有事要办，先走一步！","ヨウジガアルノデ、コレデ。"
507,5,7,"","身体有点不舒服。","タイチョウガワルインデス。"
508,5,8,"","我不是很有兴趣。","キガムキマセン。"
509,5,9,"","我有兴趣。","キョウミガアリマス。"
510,5,10,"","我现在正在任务里。","コンテンツチュウナンデス。"
511,5,11,"","正在战斗中！","セントウチュウナンデス。"
512,5,12,"","我想挣钱。","オカネヲカセギタイデス。"
513,5,13,"","我不记得了。","オボエテナインデス。"
514,5,14,"","我不知道。","シラナインデス。"
515,5,15,"","刚用掉了……","ツカッタバカリデス。"
516,5,16,"","我想挣经验值。","ケイケンチガホシイデス。"
517,5,17,"","我错了。","マチガエマシタ。"
518,5,18,"","已经有人邀请我了。","スデニサソワレテイマス。"
519,5,19,"","我已经有一个了。","スデニモッテイマス。"
520,5,20,"","招募已经结束了。","ボシュウガオワリマシタ。"
521,5,21,"","我正在做准备。","ジュンビヲシテイマス。"
522,5,22,"","现在无法脱身。","テガハナセマセン。"
523,5,23,"","我在和人聊天。","ザツダンヲシテイマス。"
524,5,24,"","我没有在用键盘。","キーボードヲツカッテイマセン。"
525,5,25,"","我正在查资料。","タンサクチュウデス。"
600,6,0,"@","【交易】","トレード."
601,6,1,"","能卖给我吗？","クレマセンカ?"
602,6,2,"","能帮我个忙吗？","シテクレマセンカ?"
603,6,3,"","能便宜些吗？","ヤスクシテクレマセンカ?"
604,6,4,"","要购买吗？","カッテクレマセンカ?"
605,6,5,"","要出售吗？","ウッテクレマセンカ?"
606,6,6,"","能交换吗？","トレードシマセンカ?"
607,6,7,"","你需要吗？","イリマセンカ?"
608,6,8,"","你能制作吗？","セイサクデキマセンカ?"
609,6,9,"","你有吗？","モッテイマセンカ?"
610,6,10,"","需要什么必要的素材？","ヒツヨウナソザイハナンデスカ?"
611,6,11,"","没钱！","オカネガアリマセン。"
612,6,12,"","我没有那个道具。","アイテムガアリマセン。"
613,6,13,"","我没什么能给你的。","アナタニアゲラレルモノハナサソウデス。"
614,6,14,"","给你这个。","コレヲアナタニアゲマショウ。"
615,6,15,"","请。","クダサイ。"
616,6,16,"","报酬：","ホウシュウ:"
617,6,17,"","价格：","ネダン:"
618,6,18,"","发送物品","オトドケモノ"
700,7,0,"@","【组织】","ヘンセイ."
701,7,1,"","寻找同伴中。","ボシュウチュウデス。"
702,7,2,"","请集合。","アツマッテクダサイ。"
703,7,3,"","组队怎么样？","イッショニヤリマセンカ?"
704,7,4,"","你是一个人吗？","ヒトリデスカ?"
705,7,5,"","有空位吗？","アキハアリマスカ?"
706,7,6,"","请邀请我。","サソッテクダサイ。"
707,7,7,"","请让我加入。","イレテクダサイ。"
708,7,8,"","谁是队长？","リーダーハダレデスカ?"
709,7,9,"","就一会儿也可以。","タンジカンデモイインデスガ。"
710,7,10,"","我们小队满了。","フルパーティナンデス。"
711,7,11,"","请帮个忙。","テツダッテクダサイ。"
712,7,12,"","小队解散。","パーティヲカイサンシマス。"
713,7,13,"","暂时离开一下。","セキヲハズシマス。"
714,7,14,"","希望组队。","パーティサンカヲキボウシマス。"
715,7,15,"","轻锐小队","-"
716,7,16,"","满编小队","-"
717,7,17,"","我还没有适应。","フナレデス。"
718,7,18,"","要补充队员吗？","メンバーノホジュウヲシマセンカ?"
800,8,0,"@","【战术】","センジュツ."
801,8,201,"","请跟上。","ツイテキテクダサイ。"
802,8,202,"","我会跟上的。","ツイテイキマス。"
803,8,203,"","调查看看。","シラベテミテクダサイ。"
804,8,204,"","我找到了！","ミツケマシタ!"
805,8,1,"","全力攻击！","ゼンリョクデコウゲキシテクダサイ!"
806,8,2,"","稍微退后些。","スコシサガッテ。"
807,8,3,"","请留意仇恨值。","テキシニチュウイシテクダサイ。"
808,8,4,"","先干掉这个！","コレヲサキニヤッツケテ!"
809,8,5,"","请不要攻击。","コウゲキシナイデクダサイ。"
810,8,6,"","拉住那只怪！","アシドメシテクダサイ!"
811,8,7,"","请使它无效化。","ムコウカシテクダサイ!"
812,8,8,"","治疗！","カイフクシテクダサイ!"
813,8,9,"","快加上！","カケテクダサイ!"
814,8,10,"","快跑！","ニゲテ!"
815,8,11,"","救命！","タスケテ!"
816,8,12,"","停止！","トマッテ!"
817,8,13,"","待命中。","タイキシマス。"
818,8,14,"","没剩下了。","ナクナリマシタ。"
819,8,15,"","没有了。","アリマセン。"
820,8,16,"","请节约一点。","セツヤクシテクダサイ。"
821,8,17,"","我会节约的。","セツヤクシマス。"
822,8,18,"","装备的耐久度下降了。","ソウビヒンノタイキュウドガサガッテキマシタ。"
823,8,19,"","准备完毕！","ジュンビカンリョウ!"
824,8,100,"","请标记怪物。","マーカーヲセッテイシテクダサイ。"
825,8,20,"","用这个吧。","ツカッテクダサイ。"
826,8,205,"","休息一下吧。","キュウケイシマショウ。"
827,8,21,"","我去引敌人过来。","テキヲツレテキマス。"
828,8,22,"","我去吸引敌人。","テキヲヒキツケマス。"
829,8,206,"","请等一下。","マッテクダサイ。"
830,8,207,"","在那边集合吧。","ゲンチニシュウゴウシマショウ。"
831,8,208,"","我们走吧。","イドウシマショウ。"
832,8,209,"","请到那边去。","ソコニイテクダサイ。"
833,8,210,"","我现在过去。","コレカラムカイマス。"
834,8,211,"","马上回来。","スグモドリマス。"
835,8,212,"","请快点掷骰。","ロットシテクダサイ。"
836,8,300,"","弱点：","ジャクテン:"
837,8,301,"","注意：","チュウイ:"
838,8,302,"","推荐：","オススメ:"
839,8,303,"","讨伐顺序：","トウバツジュン:"
840,8,304,"","所需物品：","ホシイモノ:"
841,8,23,"","请保持住敌人的仇恨。","テキシヲカセイデクダサイ。"
842,8,24,"","敌人正在靠近！","テキガチカヅイテマス!"
843,8,25,"","请不要在意。","キニシナイデクダサイ。"
844,8,26,"","请不要管那个。","ムシシテクダサイ。"
845,8,1084,"","交换。","-"
846,8,27,"","换我来！","コウタイシテクダサイ!"
847,8,28,"","我先上！","ワタシガサイショニコウゲキシマス!"
848,8,200,"","我们慢点打。","ユックリススミマショウ。"
849,8,30,"","快做！","ジッコウシテクダサイ!"
850,8,305,"","方向：","ホウコウ:"
851,8,31,"","快回避！","カイヒシテクダサイ!"
852,8,32,"","请朝后。","ウシロヲムイテクダサイ。"
853,8,33,"","快去吃伤害。","ダメージヲウケテクダサイ。"
854,8,34,"","让敌人离远点。","テキヲハナシテクダサイ。"
855,8,35,"","离远点。","ハナレテクダサイ。"
856,8,36,"","离近点。","チカヅイテクダサイ。"
857,8,37,"","带走。","ハコンデクダサイ。"
859,8,39,"","快切断！","セツダンシテクダサイ!"
860,8,40,"","继续维持！","イジシテクダサイ!"
861,8,41,"","一起打倒吧！","ドウジニタオシマショウ!"
862,8,42,"","躲起来！","カクレテ!"
863,8,43,"","搭乘了！","トウジョウシマス!"
864,8,44,"","请搭乘！","トウジョウシテクダサイ!"
900,9,0,"@","【职能】","ヤクワリ."
901,9,1,"","队长","-"
902,9,2,"","管理员","-"
903,9,10,"","战斗菁英","-"
904,9,11,"","魔法导师","-"
905,9,12,"","大地使者","-"
906,9,13,"","能工巧匠","-"
907,9,20,"","防护职业","-"
908,9,23,"","近战职业","キンセツコウゲキヤク"
909,9,24,"","远程职业","エンカクコウゲキヤク"
910,9,21,"","治疗职业","-"
911,9,26,"","强化职业","キョウカヤク"
912,9,25,"","魔法职业","マホウコウゲキヤク"
913,9,22,"","进攻职业","-"
950,10,0,"@","【位置】","イチ."
951,10,1,"","位置","イチ"
952,10,13,"","北","キタ"
953,10,12,"","南","ミナミ"
954,10,10,"","东","ヒガシ"
955,10,11,"","西","ニシ"
956,10,20,"","上","ウエ"
957,10,21,"","下","シタ"
958,10,23,"","右","ミギ"
959,10,22,"","左","ヒダリ"
960,10,30,"","前面","オモテ"
961,10,31,"","后面","ウラ"
962,10,43,"","旁边","ヨコ"
963,10,40,"","正面","ショウメン"
964,10,46,"","中央","チュウオウ"
965,10,41,"","侧面","ソクメン"
966,10,44,"","内侧","ウチガワ"
967,10,45,"","外侧","ソトガワ"
968,10,50,"","这边","コッチ"
969,10,51,"","远处","アッチ"
970,10,52,"","那边","ソッチ"
971,10,53,"","再近一些","モットチカク"
972,10,54,"","再远一些","モットトオク"
973,10,60,"","入口","イリグチ"
974,10,61,"","出口","デグチ"
975,10,42,"","背面","ハイメン"
976,10,70,"","一点","イチジ"
977,10,71,"","两点","ニジ"
978,10,72,"","三点","サンジ"
979,10,73,"","四点","ヨジ"
980,10,74,"","五点","ゴジ"
981,10,75,"","六点","ロクジ"
982,10,76,"","七点","シチジ"
983,10,77,"","八点","ハチジ"
984,10,78,"","九点","クジ"
985,10,79,"","十点","ジュウジ"
986,10,80,"","十一点","ジュウイチジ"
987,10,81,"","十二点","ジュウニジ"
1000,11,0,"@","【时间】","ジカン."
1001,11,3,"","前天","オトトイ"
1002,11,2,"","昨天","キノウ"
1003,11,1,"","今天","キョウ"
1004,11,4,"","明天","アシタ"
1005,11,5,"","后天","アサッテ"
1006,11,11,"","上周","センシュウ"
1007,11,10,"","这周","コンシュウ"
1008,11,12,"","下周","ライシュウ"
1009,11,20,"","上午","ゴゼン"
1010,11,21,"","下午","ゴゴ"
1011,11,30,"","早晨","アサ"
1012,11,31,"","中午","ヒル"
1013,11,32,"","晚上","ヨル."
1014,11,40,"","星期","ヨウビ"
1015,11,41,"","星期日","ニチヨウビ"
1016,11,42,"","星期一","ゲツヨウビ"
1017,11,43,"","星期二","カヨウビ"
1018,11,44,"","星期三","スイヨウビ"
1019,11,45,"","星期四","モクヨウビ"
1020,11,46,"","星期五","キンヨウビ"
1021,11,47,"","星期六","ドヨウビ"
1022,11,50,"","假日","キュウジツ"
1023,11,51,"","休息","ヤスミ"
1024,11,60,"","长期","チョウキ"
1025,11,61,"","短期","タンキ"
1026,11,70,"","日期","ヒヅケ"
1027,11,75,"","秒","ビョウ"
1028,11,74,"","分钟","フン"
1029,11,71,"","小时","ジカン"
1030,11,73,"","月","ツキ"
1031,11,72,"","年","ネン"
1032,11,120,"","1月","イチガツ"
1033,11,121,"","2月","ニガツ"
1034,11,122,"","3月","サンガツ"
1035,11,123,"","4月","シガツ"
1036,11,124,"","5月","ゴガツ"
1037,11,125,"","6月","ロクガツ"
1038,11,126,"","7月","シチガツ"
1039,11,127,"","8月","ハチガツ"
1040,11,128,"","9月","クガツ"
1041,11,129,"","10月","ジュウガツ"
1042,11,130,"","11月","ジュウイチガツ"
1043,11,131,"","12月","ジュウニガツ"
1044,11,81,"","上个月","センゲツ"
1045,11,80,"","这个月","コンゲツ"
1046,11,82,"","下个月","ライゲツ"
1047,11,84,"","去年","キョネン"
1048,11,83,"","今年","コトシ"
1049,11,85,"","明年","ライネン"
1050,11,90,"","现在","イマ"
1051,11,91,"","马上","モウスグ"
1052,11,92,"","任何时候","イツデモ"
1053,11,100,"","最初","サイショ"
1054,11,101,"","最后","サイゴ"
1055,11,110,"","等待时间","マチジカン"
1056,11,111,"","剩余时间","ノコリジカン"
1057,11,112,"","结束时间","シュウリョウジカン"
1058,11,140,"","第六星历","ダイロクセイレキ"
1059,11,141,"","第七灵灾","ダイナナレイサイ"
1060,11,142,"","第七星历","ダイナナセイレキ"
1061,11,93,"","之前","チョクゼン"
1062,11,94,"","之后","チョクゴ"
1150,13,0,"@","【移动方式】","イドウホウホウ."
1151,13,2,"","行走","アルク"
1152,13,1,"","奔跑","ハシル"
1153,13,3,"","跟随","ツイジュウ"
1154,13,10,"","陆行鸟","-"
1155,13,11,"","专属陆行鸟","-"
1156,13,12,"","租借陆行鸟","-"
1157,13,13,"","陆行鸟运输","-"
1158,13,20,"","坐骑","-"
1159,13,30,"","传送","-"
1160,13,31,"","返回","-"
1161,13,33,"","都市传送网","トシテンソウモウ"
1162,13,34,"","飞空艇","ヒクウテイ"
1163,13,32,"","返回点","-"
1164,13,35,"","定期船","テイキセン"
1165,13,21,"","飞行坐骑","-"
1200,14,0,"@","【设施】","シセツ."
1201,14,10,"","以太之光","-"
1202,14,11,"","城内以太之晶","トシテンソウモウ"
1203,14,20,"","冒险者公会","ボウケンシャギルド"
1204,14,21,"","公会","ギルド"
1205,14,30,"","商店","-"
1206,14,31,"","陆行鸟栏","チョコボドメ"
1207,14,90,"","旅馆","ヤドヤ"
1208,14,32,"","客房","ヨビリン"
1209,14,42,"","休息区","-"
1210,14,39,"","公会理符发行处","ギルドリーヴハッコウマドグチ"
1211,14,40,"","通讯贝办理处","リンクシェルハッコウマドグチ"
1212,14,33,"","市场布告板","-"
1213,14,41,"","雇员窗口","リテイナーコヨウマドグチ"
1214,14,34,"","修理工","シュウリヤ"
1215,14,71,"","飞艇坪","-"
1216,14,35,"","邮差莫古力","-"
1217,14,72,"","码头","フナツキバ"
1218,14,73,"","渡轮码头","-"
1219,14,70,"","搭乘点","ハッチャクジョウ"
1220,14,80,"","黑涡军令部","コッカダングンレイブ"
1221,14,81,"","蛇巢司令部","ソウジャトウトウゴウシレイブ"
1222,14,82,"","恒辉作战总部","フメツタイサクセンホンブ"
1223,14,91,"","冒险者住宅区","ボウケンシャキョジュウク"
1224,14,60,"","竞技场接待处","コロセウムタイセンウケツケ"
1225,14,36,"","怪物狩猎告示板","-"
1226,14,37,"","天气预报员","テンキヨホウシ"
1227,14,100,"","美容师传唤铃","ビヨウシノヨビリン"
1228,14,92,"","扩建区","カクチョウガイ"
1229,14,101,"","管弦乐琴","-"
1230,14,50,"","木人","モクジン"
1231,14,38,"","魔晶石师傅","マテリアシ"
1232,14,93,"","公寓","-"
1233,14,102,"","投影台","-"
1234,14,110,"","交流簿","コウリュウチョウ"
1235,14,103,"","收藏柜","アイゾウヒンキャビネット"
1236,14,104,"","旅行笔录","アイヨウノキコウロク"
1250,15,0,"@","【大国防联军】","グランドカンパニー."
1251,15,1,"","大国防联军","-"
1252,15,2,"","军衔","カイキュウ"
1253,15,3,"","军需品","グンジュヒン"
1254,15,4,"","补给品","ホキュウヒン"
1255,15,5,"","稀有品","キショウヒン"
1256,15,6,"","黑涡团","コッカダン"
1257,15,7,"","双蛇党","ソウジャトウ"
1258,15,8,"","恒辉队","フメツタイ"
1270,16,0,"@","【部队】","フリーカンパニー."
1271,16,1,"","部队","-"
1272,16,2,"","署名","ショメイ"
1273,16,3,"","部队公告","-"
1274,16,4,"","部队储物柜","-"
1275,16,5,"","部队队徽","-"
1276,16,6,"","部队特效","-"
1277,16,7,"","部队合建","-"
1278,16,8,"","部队工房","チカコウボウ"
1279,16,9,"","飞空艇探索","-"
1280,16,10,"","潜水艇探索","-"
1300,17,0,"@","【游戏系统】","ゲームシステム."
1301,17,1,"","职业","-"
1302,17,2,"","转职","-"
1303,17,3,"","特职","-"
1304,17,4,"","特职转换","-"
1305,17,6,"","灵魂水晶","-"
1306,17,10,"","等级","-"
1307,17,11,"","经验值","ケイケンチ"
1308,17,500,"","守护神","シュゴシン"
1309,17,501,"","民族","ミンゾク"
1310,17,502,"","部族","ブゾク"
1311,17,700,"","地区","-"
1312,17,5,"","兵装","-"
1313,17,23,"","道具","-"
1314,17,801,"","套装","-"
1315,17,12,"","休息奖励","-"
1316,17,50,"","单人","-"
1317,17,51,"","小队","-"
1318,17,200,"","坐骑","-"
1319,17,201,"","宠物","-"
1320,17,202,"","雇员","-"
1321,17,20,"","战斗","-"
1322,17,21,"","制作","セイサク"
1323,17,22,"","采集","サイシュウ"
1324,17,24,"","耐久度","タイキュウド"
1325,17,25,"","精炼度","レンセイド"
1326,17,26,"","装备适性","ソウビテキセイ"
1327,17,60,"","宝箱","タカラバコ"
1328,17,210,"","目标","-"
1329,17,213,"","锁定","-"
1330,17,211,"","焦点目标","-"
1331,17,214,"","目标标记","-"
1332,17,800,"","选单","-"
1333,17,803,"","地图","-"
1334,17,810,"","服务台","-"
1335,17,820,"","截图","-"
1336,17,811,"","返回标题画面","-"
1337,17,812,"","退出游戏","ゲームシュウリョウ"
1338,17,813,"","关闭","-"
1339,17,821,"","定型文","テイケイブンジショ"
1340,17,802,"","情感动作","-"
1341,17,80,"","成就","-"
1342,17,81,"","称号","ショウゴウ"
1343,17,100,"","货币","ツウカ"
1344,17,101,"","金币","-"
1345,17,91,"","交易","-"
1346,17,90,"","调查","シラベル"
1347,17,92,"","自动跟随","ジドウツイビ"
1348,17,52,"","团队","-"
1349,17,380,"","房屋","-"
1350,17,391,"","友好度","ユウコウド"
1351,17,392,"","友好关系等级","ユウコウランク"
1352,17,70,"","最优队员","エムアイピー"
1353,17,150,"","亚拉戈神典石","-"
1356,17,73,"","投票驱逐","トウヒョウジョメイ"
1357,17,72,"","放弃任务投票","ギブアップトウヒョウ"
1358,17,215,"","场景标记","-"
1359,17,212,"","地面目标","-"
1360,17,350,"","武具投影","ブグトウエイ"
1362,17,351,"","美容师","ビヨウシ"
1363,17,302,"","雇员探险","-"
1364,17,400,"","魂晶","-"
1365,17,410,"","黄道武器","-"
1366,17,401,"","星光变石","-"
1367,17,412,"","魂灵","-"
1368,17,413,"","新星","-"
1369,17,103,"","同盟徽章","ドウメイキショウ"
1370,17,300,"","怪物通缉令","モブテハイショ"
1371,17,301,"","法外战区","アウトローセンク"
1372,17,550,"","超越之力","コエルチカラ"
1373,17,381,"","饲养陆行鸟","チョコボイクセイ"
1374,17,303,"","天气预报","テンキヨホウ"
1375,17,154,"","亚拉戈诗学神典石","シガク"
1376,17,390,"","贡献值","コウケンチ"
1377,17,102,"","军票","グンピョウ"
1378,17,105,"","狼印战绩","タイジンセンセキ"
1379,17,411,"","天极","-"
1380,17,414,"","镇魂","-"
1381,17,104,"","兵团徽章","セントリオキショウ"
1384,17,63,"","队长分配","-"
1385,17,62,"","仅限贪婪","グリードゲンテイ"
1386,17,61,"","通常分配","ツウジョウロット"
1387,17,420,"","元灵武器","-"
1389,17,352,"","永结同心","-"
1390,17,12,"","物品品级","-"
1391,17,13,"","等级调整","-"
1392,17,353,"","天书奇谈","クロノクウソウチョウ"
1396,17,71,"","解除限制","ニンズウセイゲンカイジョ"
1397,17,354,"","乐器演奏","ガッキエンソウ"
1398,17,356,"","时尚品鉴","-"
1400,18,0,"@","【战斗】","バトル."
1401,18,1,"","攻击","コウゲキ"
1402,18,2,"","技能","-"
1403,18,6,"","共通技能","-"
1404,18,15,"","特性","トクセイ"
1405,18,3,"","特职技能","ジョブアクション"
1406,18,5,"","额外技能","ツイカアクション"
1407,18,11,"","魔法","マホウ"
1408,18,10,"","战技","-"
1409,18,12,"","能力","-"
1410,18,13,"","咏唱时间","-"
1411,18,14,"","复唱时间","-"
1412,18,16,"","行动适性","コウドウテキセイ"
1413,18,56,"","连结","-"
1414,18,20,"","召唤兽","-"
1415,18,21,"","搭档","-"
1416,18,53,"","仇恨","テキシ"
1417,18,54,"","主动","コウセンテキ"
1418,18,55,"","被动","ヒコウセンテキ"
1419,18,59,"","无法战斗","セントウフノウ"
1420,18,70,"","战利品","センリヒン"
1421,18,72,"","分配","ブンパイ"
1422,18,71,"","掷骰","-"
1423,18,18,"","抗性","-"
1424,18,17,"","习得","シュウトク"
1425,18,57,"","索敌","カンチ"
1426,18,58,"","范围","ハンイ"
1427,18,7,"","极限技","-"
1428,18,50,"","敌人","テキ"
1429,18,51,"","魔物","-"
1430,18,52,"","恶名菁英","-"
1432,18,81,"","连锁奖励","-"
1433,18,80,"","兵装转换奖励","-"
1434,18,83,"","等级同步","-"
1435,18,8,"","对战技能","-"
1436,18,102,"","范围攻击","ハンイコウゲキ"
1437,18,104,"","前方范围攻击","ゼンポウハンイコウゲキ"
1438,18,105,"","后方范围攻击","コウホウハンイコウゲキ"
1439,18,103,"","全屏幕攻击","ゼンタイコウゲキ"
1440,18,300,"","前哨","-"
1441,18,301,"","庄园遗迹","キョジュウクアト"
1442,18,302,"","据点","キョテン"
1443,18,303,"","军旗","-"
1444,18,304,"","占领","センキョ"
1445,18,305,"","中立化","チュウリツカ"
1446,18,306,"","战术值","センジュツチ"
1447,18,307,"","市场遗迹","シジョウアト"
1448,18,308,"","太阳神殿","タイヨウシンデン"
1449,18,19,"","连击","-"
1450,18,9,"","奋战技","-"
1451,18,100,"","单体攻击","タンタイコウゲキ"
1452,18,90,"","弩炮","-"
1453,18,309,"","亚拉戈石文","-"
1454,18,200,"","利爪队","クロウ"
1455,18,201,"","尖牙队","ファング"
1456,18,203,"","战章","-"
1458,18,206,"","危急时刻","-"
1462,18,210,"","奋战补给箱","-"
1466,18,211,"","奋战道具包","-"
1467,18,214,"","补给箱","-"
1468,18,215,"","击晕","-"
1469,18,216,"","击倒","-"
1470,18,217,"","助攻","-"
1471,18,101,"","连续攻击","レンゾクコウゲキ"
1472,18,106,"","突进攻击","トッシンコウゲキ"
1473,18,107,"","击退","-"
1474,18,108,"","吸引","ヒキヨセ"
1475,18,310,"","冰封的石文","-"
1476,18,311,"","情报值","ジョウホウチ"
1477,18,212,"","狼心","-"
1478,18,213,"","狼心包","-"
1479,18,400,"","核心","-"
1480,18,401,"","魔导结界","マドウフィールド"
1481,18,402,"","防御塔","-"
1482,18,403,"","机库","-"
1483,18,404,"","青磷水","セイリンスイ"
1484,18,405,"","动力发生器","-"
1485,18,406,"","蒸汽加农炮","-"
1486,18,407,"","自走维京人偶","バイキング"
1487,18,408,"","自走法师人偶","マグス"
1488,18,409,"","机动兵器","キコウヘイキ"
1489,18,410,"","巡航驱逐者","-"
1490,18,411,"","压迫者","-"
1491,18,412,"","残暴正义号","-"
1492,18,4,"","职能技能","-"
1494,18,202,"","快捷发言","-"
1496,18,413,"","青磷引擎车","セイリンキカンシャ"
1497,18,415,"","哥布尔坦克","-"
1498,18,416,"","哥布尔佣兵","-"
1499,18,500,"","战略值","センリャクチ"
1500,19,0,"@","【在线状态】","オンラインステータス."
1501,19,1,"","在线","-"
1502,19,5,"","离开","リセキ"
1503,19,6,"","忙碌","トリコミチュウ"
1504,19,8,"","希望组队","パーティキボウ"
1505,19,9,"","接受镶嵌魔晶石请求","マテリアソウチャクウケオイチュウ"
1506,19,3,"","任务中","コンテンツチュウ"
1507,19,2,"","脱机","-"
1508,19,4,"","队员招募中","パーティボシュウチュウ"
1509,19,11,"","新人","-"
1510,19,13,"","指导者","-"
1511,19,14,"","战斗指导者","-"
1512,19,15,"","对战指导者","-"
1513,19,16,"","制作采集指导者","セイサクサイシュウメンター"
1514,19,10,"","角色扮演中","ロールプレイチュウ"
1515,19,11,"","回归者","-"
1516,19,7,"","过场剧情中","イベントチュウ"
1521,18,501,"","无垢的大地","ムクノトチ"
1522,18,502,"","契约","ケイヤク"
1550,20,0,"@","【社交】","コミュニケーション."
1551,20,1,"","聊天","-"
1552,20,3,"","悄悄话","テル"
1553,20,2,"","说话","セイ"
1554,20,4,"","喊话","シャウト"
1555,20,5,"","呼喊","エール"
1556,20,20,"","好友名单","-"
1557,20,21,"","黑名单","-"
1558,20,23,"","玩家搜寻","-"
1559,20,24,"","通讯贝","-"
1560,20,26,"","莫古邮件","-"
1561,20,30,"","ロードストーン","-"
1562,20,31,"","日记","ニッキ"
1563,20,32,"","フォロー","-"
1564,20,33,"","论坛","-"
1565,20,34,"","排名","-"
1566,20,35,"","军内排名","-"
1567,20,36,"","部队排名","-"
1568,20,6,"","小队","パーティ."
1569,20,7,"","团队","アライアンス."
1570,20,8,"","通讯贝","リンクシェル."
1571,20,9,"","部队","フリーカンパニー.."
1572,20,10,"","新人","ビギナー."
1573,20,11,"","战队","PvPチーム."
1574,20,12,"","跨服通讯贝","クロスワールドリンクシェル."
1575,20,25,"","跨服通讯贝","-"
1576,20,22,"","战友列表","-"
1577,20,37,"","小区招募","-"
1600,22,0,"@","【采集与制作】","セイサク&サイシュウ."
1601,22,1,"","碎晶","-"
1602,22,2,"","水晶","-"
1603,22,3,"","晶簇","-"
1604,22,20,"","魔晶石","-"
1605,22,21,"","精制魔晶石","マテリアセイセイ"
1606,22,22,"","魔晶石工艺","-"
1607,22,30,"","市场","-"
1608,22,31,"","搜索道具","-"
1609,22,10,"","高质量","ハイクオリティ"
1610,22,11,"","珍稀","レア"
1611,22,12,"","独占","エクスクルーシブ"
1612,22,40,"","素材","ソザイ"
1613,22,41,"","简易制作","カンイセイサク"
1614,22,42,"","品质","ヒンシツ"
1615,22,43,"","高质量","コウヒンシツ"
1616,22,44,"","最高质量","サイコウヒンシツ"
1617,22,50,"","修理","シュウリ"
1618,22,51,"","修理品","シュウリザイ"
1619,22,60,"","染色","センショク"
1620,22,70,"","良材","リョウギ"
1621,22,71,"","采伐","バッサイ"
1622,22,72,"","割草","クサカリ"
1623,22,73,"","矿脉","サイクツバ"
1624,22,74,"","采掘","サイクツ"
1625,22,75,"","碎石","サイガン"
1626,22,90,"","钓鱼","ツリ"
1627,22,23,"","镶嵌魔晶石","マテリアソウチャク"
1628,22,24,"","禁忌镶嵌","キンダンノマテリアソウチャク"
1629,22,200,"","栽培","サイバイ"
1630,22,201,"","培育","イクセイ"
1631,22,202,"","收获","シュウカク"
1632,22,45,"","秘籍","ヒデンショ"
1633,22,100,"","分解","ブンカイ"
1634,22,91,"","钓场之王","ヌシヅリ"
1635,22,92,"","放生","-"
1636,22,76,"","未知的采集地点","ミチノサイシュウバショ"
1637,22,13,"","收藏品","シュウシュウヒン"
1638,22,101,"","专家","-"
1639,22,102,"","护符","ゴフ"
1640,22,103,"","传承录","デンショウロク"
1641,22,150,"","巧手工票","-"
1642,22,160,"","大地工票","-"
1643,22,151,"","巧手红票","セキカ"
1644,22,152,"","巧手蓝票","セイカ"
1645,22,161,"","大地红票","セキカ."
1646,22,162,"","大地蓝票","セイカ."
1647,22,153,"","巧手黄票","オウカ"
1648,22,163,"","大地黄票","オウカ."
1649,22,154,"","巧手白票","ハクカ"
1650,22,164,"","大地白票","ハクカ."
1651,22,77,"","简易采集","カンイサイシュウ"
1652,22,78,"","制作练习","セイサクレンシュウ"
1653,22,252,"","苍天街振兴票","ソウテンガイシンコウケン"
1654,22,14,"","收藏价值","シュウシュウカチ"
1900,23,0,"@","【蛮神与蛮族】","バンシン&バンゾク."
1901,23,1,"","蛮神","バンシン"
1902,23,10,"","伊弗利特","-"
1903,23,11,"","泰坦","-"
1904,23,12,"","迦楼罗","-"
1905,23,18,"","巴哈姆特","-"
1906,23,13,"","莫古尔·莫古十二世","モグルモグジュウニセイ"
1907,23,2,"","蛮族","バンゾク"
1908,23,101,"","蜥蜴人","-"
1909,23,102,"","妖精","-"
1910,23,103,"","鸟人","-"
1911,23,104,"","地灵","-"
1912,23,105,"","鱼人","-"
1913,23,14,"","利维亚桑","-"
1914,23,15,"","拉姆","-"
1915,23,16,"","希瓦","-"
1916,23,32,"","亚历山大","-"
1917,23,30,"","罗波那","-"
1918,23,31,"","俾斯麦","-"
1919,23,110,"","骨颌族","-"
1920,23,111,"","瓦努族","-"
1921,23,106,"","哥布尔","-"
1922,23,113,"","龙族","-"
1923,23,33,"","尼德霍格","-"
1924,23,34,"","萨菲洛特-加龙省","-"
1925,23,35,"","索菲娅","-"
1926,23,36,"","祖尔宛","-"
1927,23,112,"","甲人族","-"
1928,23,120,"","阿难陀族","-"
1929,23,40,"","须佐之男","-"
1930,23,41,"","吉祥天女","-"
1931,23,42,"","神龙","シンリュウ"
1932,23,43,"","欧米茄","-"
1933,23,44,"","白虎","ビャッコ"
1934,23,45,"","月读","-"
1935,23,114,"","莫古力","-"
1936,23,121,"","鲶鱼精","-"
1937,23,17,"","不死鸟","-"
1938,23,19,"","奥丁","-"
1939,23,46,"","朱雀","スザク"
1940,23,47,"","青龙","セイリュウ"
1941,23,48,"","缇坦妮雅","-"
1942,23,49,"","无瑕灵君","-"
1943,23,50,"","哈迪斯","-"
1944,23,122,"","矮人族","-"
1945,23,123,"","仙子族","-"
1946,23,124,"","恩莫族","-"
1947,23,125,"","奇塔利族","-"
1948,23,51,"","红宝石神兵","-"
1949,23,52,"","光之战士","ウォーリアオブライト"
1950,23,53,"","绿宝石神兵","-"
1951,23,54,"","钻石神兵","-"
2000,24,0,"@","【任务】","コンテンツ."
2001,24,100,"","任务副本","-"
2002,24,1,"","任务","-"
2003,24,2,"","主线任务","-"
2004,24,3,"","支线任务","-"
2005,24,4,"","职业任务","-"
2006,24,5,"","特职任务","-"
2007,24,6,"","军队任务","-"
2008,24,101,"","危命任务","フェイト"
2009,24,600,"","公会理符","-"
2010,24,601,"","理符任务","-"
2011,24,602,"","佣兵任务","ヨウヘイカギョウ"
2012,24,603,"","采集任务","サイシュウカギョウ"
2013,24,604,"","制作任务","セイサクカギョウ"
2015,24,606,"","军队理符","-"
2017,24,608,"","理符连接","-"
2018,24,609,"","理符受理限额","リーヴノジュチュウケン"
2019,24,610,"","理符难度","リーヴノナンイド"
2020,24,500,"","公会令","-"
2021,24,1000,"","迷宫","-"
2022,24,2000,"","讨伐战","トウバツセン"
2023,24,2001,"","歼灭战","トウメツセン"
2024,24,2002,"","强攻战","キョウシュウセン"
2025,24,3000,"","大型任务","-"
2026,24,6101,"","竞技场","-"
2027,24,1005,"","托托·拉克千狱","トトラクノセンゴク"
2028,24,1002,"","塔姆·塔拉墓园","タムタラノボショ"
2029,24,1003,"","铜铃铜山","カッパーベルドウザン"
2030,24,1001,"","沙斯塔夏溶洞","サスタシャシンショクドウ"
2031,24,1012,"","黄金谷","-"
2032,24,1006,"","静语庄园","ハウケタゴヨウテイ"
2033,24,1004,"","日影地修炼所","ハラタリシュウレンジョ"
2034,24,1007,"","布雷福洛克斯野营地","ブレイフロクスノヤエイチ"
2035,24,1008,"","喀恩埋没圣堂","カルンマイボツジイン"
2036,24,1013,"","放浪神古神殿","-"
2037,24,1010,"","石卫塔","-"
2038,24,1009,"","樵鸣洞","-"
2039,24,1011,"","泽梅尔要塞","ゼーメルヨウサイ"
2040,24,1016,"","无限城古堡","コジョウアムダプール"
2041,24,1014,"","帝国南方堡","-"
2042,24,1015,"","天幕魔导城","マドウジョウプラエトリウム"
2043,24,501,"","完成集团战训练！","シュウダンセンクンレンヲクグリヌケロ!"
2044,24,502,"","讨伐彷徨死灵！","サマヨウシリョウヲウテ!"
2045,24,503,"","突破所有关门，讨伐最深处的敌人！","ゼンカンモンヲトッパシサイシンブノテキヲウテ!"
2046,24,504,"","捕获金币龟！","ギルガメヲホカクセヨ!"
2047,24,505,"","驱除剧毒妖花！","ユウドクヨウカヲクジョセヨ!"
2048,24,506,"","消灭恶徒团伙寄生蜂团！","ムホウモノジガホウダンヲゲキメツセヨ!"
2049,24,507,"","讨伐梦幻之布拉奇希奥！","ムゲンノブラキシオヲウテ!"
2050,24,508,"","击溃哥布尔炸弹军团！","バクダンマゴブリングンダンヲゲキメツセヨ!"
2051,24,509,"","讨伐污染源头魔界花！","オセンゲンモルボルヲウテ!"
2052,24,510,"","讨伐坑道中出现的妖异！","コウドウニアラワレタヨウイブソヲウテ!"
2053,24,511,"","注意无敌的眷属，讨伐大型妖异！","ムテキノケンゾクヲシタガエシオオガタヨウイヲウテ!"
2054,24,512,"","讨伐爆弹怪的女王！","ボムヲヒキイルボムクイーンヲウテ!"
2055,24,513,"","歼灭特殊阵型的妖异！","ブキミナジンケイヲクムヨウイヲセンメツセヨ!"
2056,24,514,"","制止三方混战的巨人族，守住遗物！","ミツドモエノキョジンゾクヲセイシイブツヲマモレ!"
2057,24,2010,"","伊弗利特讨伐战","イフリートトウバツセン"
2058,24,2015,"","泰坦讨伐战","タイタントウバツセン"
2059,24,2020,"","迦楼罗讨伐战","ガルーダトウバツセン"
2060,24,2011,"","伊弗利特歼灭战","シンイフリートトウメツセン"
2061,24,2016,"","泰坦歼灭战","シンタイタントウメツセン"
2062,24,2021,"","迦楼罗歼灭战","シンガルーダトウメツセン"
2063,24,2025,"","里塔提恩强攻战","リットアティンキョウシュウセン"
2064,24,3010,"","巴哈姆特大迷宫","ダイメイキュウバハムート"
2065,24,6100,"","狼狱水上竞技场","-"
2066,24,2012,"","伊弗利特歼殛战","ゴクイフリートトウメツセン"
2067,24,2017,"","泰坦歼殛战","ゴクタイタントウメツセン"
2068,24,2022,"","迦楼罗歼殛战","ゴクガルーダトウメツセン"
2069,24,2030,"","莫古力贤王歼灭战","ゼンオウモグルモグジュウニセイトウメツセン"
2070,24,2035,"","究极神兵破坏作战","アルテマウェポンハカイサクセン"
2071,24,3501,"","水晶塔","-"
2072,24,3012,"","邂逅之章","カイコウヘン"
2073,24,3502,"","古代人迷宫","コダイノタミノメイキュウ"
2074,24,300,"","解读","-"
2075,24,301,"","困难模式","-"
2076,24,110,"","随机任务","-"
2077,24,3013,"","入侵之章","シンコウヘン"
2078,24,1020,"","天狼星灯塔","シリウスダイトウダイ"
2079,24,2031,"","莫古力贤王歼殛战","ゴクオウモグルモグジュウニセイトウメツセン"
2080,24,2040,"","利维亚桑歼灭战","シンリヴァイアサントウメツセン"
2081,24,2041,"","利维亚桑歼殛战","ゴクリヴァイアサントウメツセン"
2082,24,2026,"","死化奇美拉讨伐战","ドルムキマイラトウバツセン"
2083,24,2027,"","海德拉讨伐战","ハイドラトウバツセン"
2084,24,2045,"","大桥上的决斗","ギルガメッシュトウバツセン"
2085,24,6000,"","对战","-"
2086,24,10,"","蛮族任务","バンゾククエスト"
2087,24,11,"","蛮族日常任务","バンゾクデイリークエスト"
2088,24,12,"","蛮族剧情任务","バンゾクストーリークエスト"
2089,24,20,"","支线剧情任务","-"
2090,24,104,"","寻宝","-"
2091,24,21,"","编年史任务","-"
2092,24,22,"","季节活动","-"
2093,24,1021,"","无限城市街古迹","コアムダプールシガイ"
2094,24,310,"","黄道文书","コウドウジュウニモンジョ"
2095,24,311,"","天球书卷","-"
2096,24,105,"","怪物狩猎","-"
2097,24,106,"","恶名菁英狩猎","-"
2098,24,2050,"","拉姆歼灭战","シンラムウトウメツセン"
2099,24,2051,"","拉姆歼殛战","ゴクラムウトウメツセン"
2100,24,3503,"","希尔科斯塔","シルクスノトウ"
2101,24,3011,"","巴哈姆特零式大迷宫","ダイメイキュウバハムートレイシキ"
2102,24,6201,"","加尔提诺平原","カルテノーヘイゲン"
2103,24,1022,"","破舰岛","ハルブレーカーアイル"
2104,24,6200,"","纷争前线","-"
2106,24,112,"","高难度","-"
2108,24,3014,"","真源之章","シンセイヘン"
2109,24,2055,"","希瓦歼灭战","シンシヴァトウメツセン"
2110,24,2056,"","希瓦歼殛战","ゴクシヴァトウメツセン"
2111,24,1023,"","披雪大冰壁","スノークロークダイヒョウヘキ"
2112,24,2060,"","埃玛吉娜杯斗技大会决赛","アマジナハイトウギカイケッショウセン"
2113,24,23,"","供应任务","ノウヒンクエスト"
2114,24,2061,"","奥丁歼灭战","トウシンオーディントウメツセン"
2115,24,3504,"","暗之世界","ヤミノセカイ"
2117,24,6203,"","周边遗迹群（阵地战）","ガイエンイセキグンセイアツセン"
2119,24,1024,"","密约之塔","モクヤクノトウ"
2120,24,2046,"","无限城的死斗","シンギルガメッシュトウメツセン"
2121,24,320,"","无影","-"
2122,24,321,"","虚无界","-"
2123,24,1104,"","迦巴勒幻想图书馆","グブラゲンソウトショカン"
2124,24,1106,"","不获岛","-"
2125,24,1103,"","伊修加德教皇厅","イシュガルドキョウコウチョウ"
2126,24,1107,"","无限回廊","-"
2127,24,1100,"","暮卫塔","-"
2128,24,1101,"","索姆阿尔灵峰","-"
2129,24,1105,"","魔科学研究所","マカガクケンキュウジョ"
2130,24,1102,"","龙巢神殿","-"
2131,24,2100,"","罗波那歼灭战","シンラーヴァナトウメツセン"
2132,24,2101,"","罗波那歼殛战","ゴクラーヴァナトウメツセン"
2133,24,2105,"","俾斯麦歼灭战","シンビスマルクトウメツセン"
2134,24,2106,"","俾斯麦歼殛战","ゴクビスマルクトウメツセン"
2135,24,6205,"","尘封秘岩（争夺战）","ソウダツセン"
2137,24,3050,"","亚历山大机神城","キコウジョウアレキサンダー"
2138,24,3051,"","亚历山大零式机神城","キコウジョウアレキサンダーレイシキ"
2139,24,3052,"","启动之章","キドウヘン"
2140,24,2065,"","那布里亚勒斯讨伐战","アシエンナプリアレストウバツセン"
2141,24,2066,"","皇都伊修加德保卫战","コウトイシュガルドボウエイセン"
2142,24,2110,"","圆桌骑士歼灭战","ナイツオブラウンドトウメツセン"
2143,24,611,"","神殿骑士团理符","シンデンキシダンリーヴ"
2144,24,1108,"","圣茉夏娜植物园","セイモシャーヌショクブツエン"
2145,24,3510,"","玛哈之影","シャドウオブマハ"
2146,24,3511,"","魔航船虚无方舟","マコウセンヴォイドアーク"
2147,24,102,"","初学者学堂","ショシンシャノヤカタ"
2148,24,1109,"","颠倒塔","サカサノトウ"
2149,24,3053,"","律动之章","リツドウヘン"
2150,24,2120,"","萨菲洛特-加龙省歼灭战","マジンセフィロトトウメツセン"
2151,24,2121,"","萨菲洛特-加龙省歼殛战","ゴクマジンセフィロトトウメツセン"
2153,24,6103,"","群狼盛宴","ザフィースト"
2154,24,103,"","木人歼灭战","モクジントウメツセン"
2155,24,1110,"","忆罪宫","ソールカイ"
2156,24,3512,"","禁忌城邦玛哈","キンキトシマハ"
2157,24,4000,"","深层迷宫","-"
2158,24,4001,"","死者宫殿","シシャノキュウデン"
2159,24,2115,"","尼德霍格征龙战","ニーズヘッグセイリュウセン"
2160,24,2116,"","尼德霍格传奇征龙战","ゴクニーズヘッグセイリュウセン"
2161,24,6207,"","荣誉野（碎冰战）","サイヒョウセン"
2163,24,6001,"","决斗","-"
2164,24,1111,"","塞尔法特尔","-"
2165,24,2125,"","索菲娅歼灭战","メガミソフィアトウメツセン"
2166,24,2126,"","索菲娅歼殛战","ゴクメガミソフィアトウメツセン"
2167,24,3054,"","天动之章","テンドウヘン"
2168,24,1112,"","巴埃萨长城","バエサルノチョウジョウ"
2169,24,3513,"","影之国","カゲノクニダンスカー"
2170,24,2130,"","祖尔宛歼灭战","キジンズルワーントウメツセン"
2171,24,2131,"","祖尔宛歼殛战","ゴクキジンズルワーントウメツセン"
2172,24,1201,"","紫水宫","シスイキュウ"
2173,24,1202,"","巴儿达木霸道","バルダムハドウ"
2174,24,1203,"","多玛王城","ドマジョウ"
2175,24,1204,"","帝国白山堡","カストルムアバニア"
2176,24,2200,"","须佐之男歼灭战","スサノオトウメツセン"
2177,24,2201,"","须佐之男歼殛战","ゴクスサノオトウメツセン"
2178,24,2205,"","吉祥天女歼灭战","ラクシュミトウメツセン"
2179,24,2206,"","吉祥天女歼殛战","ゴクラクシュミトウメツセン"
2180,24,2210,"","神龙歼灭战","シンリュウトウメツセン"
2181,24,3100,"","欧米茄时空狭缝","ジゲンノハザマオメガ"
2182,24,3101,"","欧米茄零式时空狭缝","ジゲンノハザマオメガレイシキ"
2183,24,3102,"","德尔塔幻境","デルタヘン"
2184,24,1207,"","星导寺","セイドウザンジイン"
2185,24,1208,"","斯卡拉","-"
2186,24,2211,"","神龙梦幻歼灭战","ゴクシンリュウトウメツセン"
2187,24,3500,"","团队任务","-"
2188,24,3520,"","重返伊瓦利斯","リターントゥイヴァリース"
2189,24,3521,"","失落之都拉巴纳斯塔","ウシナワレタミヤコラバナスタ"
2190,24,3400,"","巴哈姆特绝境战","ゼツバハムートトウメツセン"
2191,24,6300,"","烈羽争锋","-"
2192,24,6301,"","距骨研究所（机动战）","キコウセン"
2193,24,1209,"","狱之盖","ゴクノフタ"
2194,24,2215,"","白虎征魂战","ビャッコセイコンセン"
2195,24,2216,"","白虎诗魂战","ゴクビャッコセイコンセン"
2196,24,3103,"","西格玛幻境","シグマヘン"
2197,24,4050,"","禁地优雷卡","キンダンノチエウレカ"
2198,24,4051,"","常风之地","アネモスヘン"
2200,49,0,"Mount[1-1,4-6,8-9,15-15,18-22,25-38,40-50,52-56,58-59,62-62,65-65,67-78,80-84,86-87,90-102,104-106,108-116,121-127,130-130,133-133,135-136,138-146,148-148,150-154,156-156,158-164,166-166,168-168,170-195,197-197,200-209,211-220,222-226,228-243,245-250,252-254,261-268,273-274]","【坐骑】","マウント."
2201,50,0,ClassJob[1-40],"【职业与特职】","クラスジョブ."
2202,51,0,"PlaceName[20-37,39-59,61-65,94-94,107-107,112-112,123-123,125-125,128-129,140-140,154-154,184-184,206-206,216-216,218-218,223-223,230-230,237-237,239-239,260-260,271-271,290-290,300-300,313-313,323-323,325-325,331-331,337-337,350-350,357-361,386-386,388-388,392-392,401-401,404-404,406-406,411-411,418-418,425-427,430-430,464-468,477-478,493-493,496-498,548-548,617-617,694-695,733-733,1301-1304,1334-1334,1363-1363,1374-1374,1377-1377,1390-1390,1399-1399,1406-1409,1431-1431,1484-1484,1500-1500,1628-1628,1633-1633,1638-1638,1645-1645,1647-1647,1664-1665,1708-1708,1714-1714,1723-1723,1731-1731,1740-1740,1742-1742,1759-1759,1792-1793,1799-1802,1805-1805,1807-1807,1809-1809,1835-1835,1841-1841,1847-1847,1853-1853,1857-1857,1868-1868,1884-1884,2000-2002,2018-2018,2025-2025,2031-2031,2034-2034,2038-2038,2042-2042,2046-2046,2050-2050,2081-2082,2088-2088,2090-2090,2099-2101,2116-2116,2123-2123,2130-2131,2147-2148,2151-2151,2178-2178,2181-2181,2200-2200,2204-2204,2214-2214,2256-2256,2265-2266,2295-2295,2297-2301,2310-2310,2327-2327,2340-2340,2354-2354,2357-2360,2367-2367,2372-2372,2383-2383,2400-2404,2406-2414,2448-2450,2462-2462,2483-2483,2485-2485,2496-2496,2499-2499,2510-2510,2530-2530,2545-2545,2549-2549,2586-2586,2589-2589,2613-2613,2634-2634,2646-2646,2660-2660,2665-2665,2670-2670,2691-2691,2693-2693,2707-2708,2715-2715,2717-2720,2725-2725,2727-2727,2736-2736,2762-2762,2769-2769,2773-2773,2775-2775,2779-2779,2793-2793,2801-2801,2805-2805,2810-2810,2813-2814,2822-2822,2833-2833,2850-2851,2864-2864,2936-2936,2950-2958,2979-2979,2982-2982,2985-2985,2997-2997,3007-3007,3017-3018,3044-3044,3050-3050,3057-3057,3075-3075,3094-3094,3105-3105,3122-3122,3129-3129,3135-3135,3139-3139,3147-3147,3156-3157,3170-3170,3179-3179,3195-3195,3205-3205,3214-3220,3222-3222,3229-3229,3378-3378,3385-3385,3425-3425,3435-3435,3442-3442,3467-3469,3477-3477,3486-3487,3492-3492,3511-3511,3534-3534,3568-3568,3581-3581,3590-3590,3595-3597,3620-3620,3635-3635,3644-3644,3647-3647,3662-3663,3700-3703,3706-3710]","【地名】","チメイ."
2203,52,0,Race,"【民族】","ミンゾク."
2204,53,0,Tribe,"【部族】","ブゾク."
2205,54,0,GuardianDeity[1-12],"【守护神】","シュゴシン."
2206,55,0,"GeneralAction[1-10,12-22,24-27]","【共通技能】","ジェネラルアクション."
2207,56,0,"Action[9-9,15-17,20-21,23-24,27-31,37-38,40-46,48-49,51-54,56-56,61-62,65-66,69-70,74-75,78-78,83-88,90-90,92-92,94-98,100-101,106-107,110-110,112-114,116-121,124-125,127-127,131-133,135-137,139-142,144-144,147-147,149-149,152-159,162-163,166-167,172-173,181-181,185-186,188-190,197-208,210-211,215-215,218-218,220-222,224-224,227-228,232-232,235-235,237-241,260-260,268-269,272-273,280-280,288-291,294-297,299-300,303-303,802-803,805-805,2135-2135,2240-2242,2245-2248,2254-2255,2258-2272,2864-2864,2866-2866,2868-2868,2870-2870,2872-2874,2876-2876,2878-2878,2890-2890,3538-3543,3545-3547,3549-3552,3554-3563,3566-3566,3568-3571,3573-3574,3576-3579,3581-3587,3590-3590,3593-3596,3598-3601,3603-3603,3606-3606,3608-3608,3610-3610,3612-3615,3617-3617,3621-3621,3623-3625,3629-3629,3632-3632,3634-3634,3636-3636,3638-3641,3643-3643,4072-4073,4081-4081,4086-4087,4095-4095,4100-4100,4102-4106,4179-4179,4238-4248,4262-4262,4401-4406,4574-4574,4589-4589,4595-4596,4631-4631,4639-4639,7381-7416,7418-7422,7426-7445,7447-7447,7449-7449,7477-7499,7503-7507,7509-7521,7523-7531,7533-7533,7535-7535,7537-7538,7540-7542,7546-7546,7548-7549,7551-7551,7553-7554,7557-7557,7559-7562,7568-7568,7571-7571,7632-7632,7861-7863,7867-7867,7869-7869,7903-7906,7909-7911,8324-8324,9629-9629,15989-16015,16137-16165,16191-16196,16457-16489,16491-16507,16510-16511,16514-16519,16524-16536,16539-16543,16545-16546,16548-16548,16550-16557,16559-16560,16578-16578,16766-16766,16889-16889,17055-17055,17105-17106,17206-17206,17209-17209,17215-17216,17864-17865,18073-18073,19004-19004,19012-19012,19264-19264,19297-19297,21177-21178,21203-21205,22182-22185,24283-24318,24373-24405,24858-24859,25589-25590,25746-25755,25757-25774,25776-25840,25843-25851,25855-25862,25865-25876,25880-25880,25882-25885,26521-26521,26804-26806,26870-26872,27523-27523]","【技能】","アクション."
2208,57,0,"CraftAction[100001-100004,100010-100010,100128-100128,100177-100177,100203-100203,100227-100227,100235-100235,100243-100243,100283-100283,100299-100299,100315-100315,100323-100323,100339-100339,100355-100355,100363-100363,100371-100371,100379-100379,100387-100387,100395-100395,100403-100403,100411-100411,100419-100419,100427-100427,100435-100435]","【制作技能】","セイサクアクション."
2209,58,0,BuddyAction,"【搭档技能】","バディアクション."
2210,59,0,PetAction[1-6],"【召唤兽技能】","ペットアクション."
2211,60,0,"Weather[col-1,1-20,22-23,25-25,29-29,35-36,40-40,44-44,49-51,53-54,60-60,66-66,69-69,71-71,74-74,77-77,80-80,82-82,84-84,87-87,92-92,95-95,97-97,101-102,109-113,116-116,118-118,120-120,122-122,125-125,133-138,144-145,147-149,151-151,156-157]","【天候】","テンコウ."
2212,61,0,"MainCommand[col-<hex:0220020503>,1-36,41-42,44-44,56-62,64-70,72-82,84-99]","【快捷指令】","メインコマンド."
2213,62,0,"TextCommand[col-<hex:0220020903>,col-<hex:0220020603>,1-31,33-211,213-321,323-455,459-632]","【文本指令】","テキストコマンド."
2214,63,0,"Action[1584-1584,3359-3362,4249-4249,7855-7855,7857-7857,8746-8746,8749-8750,8752-8752,8754-8755,8758-8758,8761-8765,8767-8769,8772-8773,8775-8777,8779-8782,8787-8790,8793-8794,8798-8799,8802-8803,8805-8809,8811-8812,8814-8816,8820-8820,8824-8827,8830-8832,8838-8839,8841-8844,8848-8851,8853-8853,8855-8855,8858-8867,8869-8869,8872-8873,8877-8877,8882-8891,8895-8896,8904-8905,8909-8909,8913-8914,8916-8916,9013-9014,9433-9434,9620-9620,9639-9639,10025-10025,10027-10029,10032-10032,13975-13975,17669-17672,17674-17674,17676-17714,17716-17717,17719-17720,17727-17735,17740-17740,17742-17743,17745-17745,17747-17754,17756-17771,17774-17775,17777-17781,17786-17791,17793-17797,17804-17807,17809-17809,17824-17825,17832-17832,17866-17866,17889-17891,17990-17991,18899-18902,18904-18911,18913-18922,18926-18957,18987-18988,18990-18990,18992-18997,19071-19071,19085-19086,20106-20106,27795-27835]","【对战技能】","pvpアクション."
2215,64,0,"Pet[<hex:0220020103>,1-2,6-8,10-10,14-15,17-19,23-24,27-32]","【召唤兽】","ペット."
2216,65,0,"Companion[noun,1-67,71-152,154-222,224-419,422-429,431-443]","【宠物】","ミニオン."
2217,66,0,PetMirage[col-<hex:0220020303>],"【召唤兽的外貌】","エギノミタメ."
2218,67,0,"ActionComboRoute[2-2,4-4,6-7,9-9,11-11,18-22,27-36,48-49]","【对战连击技能】","pvpコンボアクション."
2219,68,0,"Action[12958-13007,14476-14481]","【文理技能】","ロゴスアクション."
2220,69,0,"Action[11383-11431,18295-18325,23264-23267,23269-23273,23275-23288,23290-23290]","【青魔法】","アオマホウ."
2221,70,0,"Action[20701-20770,22344-22356,23907-23922]","【失传技能】","ロストアクション."
2900,28,0,"@","【职业量谱】","ジョブHUD."
2901,28,1,"","忠义量谱","-"
2902,28,2,"","忠义","-"
2904,28,11,"","斗气量谱","トウキシンボル"
2905,28,20,"","兽魂量谱","-"
2906,28,21,"","兽魂","-"
2907,28,30,"","龙血量谱","リュウケツゲージ"
2908,28,31,"","龙眼","-"
2909,28,40,"","战歌量谱","センカゲージ"
2910,28,41,"","诗心","シシン"
2911,28,50,"","百合花茎量谱","-"
2912,28,51,"","治疗百合","-"
2913,28,60,"","元素量谱","-"
2914,28,61,"","灵极心","-"
2915,28,70,"","以太超流量谱","-"
2916,28,72,"","龙神同调","-"
2917,28,71,"","同调量谱","-"
2919,28,80,"","异想量谱","-"
2920,28,81,"","异想以太","-"
2921,28,90,"","风遁量谱","フウトンシンボル"
2922,28,91,"","忍气量谱","ニンキゲージ"
2923,28,92,"","忍气","ニンキ"
2926,28,102,"","枪管热度量谱","-"
2927,28,103,"","过热","-"
2928,28,110,"","暗血量谱","-"
2930,28,120,"","奥秘量谱","-"
2931,28,130,"","雪月花量谱","セツゲッカシンボル"
2932,28,131,"","闪","セン"
2933,28,132,"","剑气量谱","ケンキゲージ"
2934,28,133,"","剑气","ケンキ"
2935,28,140,"","平衡量谱","-"
2936,28,141,"","白魔元","-"
2937,28,142,"","黑魔元","-"
2938,28,111,"","暗黑量谱","-"
2939,28,52,"","血百合","-"
2940,28,100,"","机工量谱","-"
2941,28,101,"","电能量谱","-"
2942,28,150,"","晶壤量谱","-"
2943,28,160,"","舞步量谱","-"
2944,28,161,"","幻扇量谱","ゲンセンシンボル"
2946,28,134,"","剑压量谱","ケンアツシンボル"
3000,25,0,"@","【金碟游乐场】","ゴールドソーサー."
3001,25,200,"","陆行鸟竞赛","-"
3002,25,201,"","竞赛陆行鸟","キョウソウバ"
3003,25,202,"","新陆行鸟","シンバチョコボ"
3004,25,203,"","退役陆行鸟","インタイチョコボ"
3005,25,204,"","配种","-"
3006,25,205,"","羽力","ソウゴウリョク"
3007,25,206,"","血统等级","ケットウレベル"
3008,25,210,"","随机赛道","-"
3009,25,211,"","荒野大道","-"
3010,25,213,"","恬静小路","-"
3011,25,300,"","九宫幻卡","-"
3012,25,301,"","卡片","-"
3013,25,302,"","卡片类型","-"
3014,25,303,"","稀有度","-"
3015,25,304,"","对局","タイセン"
3016,25,305,"","大赛","タイカイ"
3017,25,306,"","九宫幻卡大赛","-"
3018,25,307,"","积分","カチテン"
3019,25,308,"","特殊规则","トクシュルール"
3020,25,309,"","流行规则","リュウコウルール"
3021,25,310,"","对局规则","タイセンルール"
3022,25,311,"","大赛规则","タイカイルール"
3023,25,312,"","全明牌","-"
3024,25,313,"","三明牌","-"
3025,25,314,"","同数","-"
3026,25,315,"","不胜不休","-"
3027,25,316,"","加算","-"
3028,25,317,"","随机","-"
3029,25,318,"","秩序","-"
3030,25,319,"","混乱","-"
3031,25,320,"","逆转","-"
3032,25,321,"","王牌杀手","-"
3033,25,322,"","同类强化","-"
3034,25,323,"","同类弱化","-"
3035,25,324,"","交换","-"
3036,25,325,"","天选","-"
3037,25,327,"","卡组","-"
3038,25,328,"","希望规则：","キボウルール:"
3039,25,1,"","机遇任务","ゲイト"
3040,25,100,"","仙人彩","クジテンダー"
3041,25,101,"","仙人仙彩","ジャンボクジテンダー"
3042,25,102,"","仙人微彩","ミニクジテンダー"
3043,25,103,"","中选号码","トウセンバンゴウ"
3044,25,400,"","萌宠之王","ロードオブヴァーミニオン"
3045,25,401,"","设施特效","シセツトッコウ"
3046,25,402,"","奥秘核石","-"
3047,25,403,"","萌宠之门","-"
3048,25,404,"","防御盾","-"
3049,25,405,"","探索眼","サーチアイ"
3050,25,410,"","动物","-"
3051,25,411,"","玩偶","-"
3052,25,413,"","机件","-"
3053,25,406,"","特殊技","トクシュワザ"
3054,25,407,"","陷阱","-"
3055,25,2,"","喷风中的幸存者","ボウフウハナイキフンガー"
3056,25,3,"","小雏鸟的营救者","キュウシュツミニオンレスキュー"
3060,25,212,"","太阳海岸","コスタデルソル"
3061,25,412,"","魔物","-"
3062,25,7,"","虚景跳跳乐大挑战","チョウセンジャンピングアスレチック"
3063,25,8,"","空军装甲驾驶员","シュツゲキエアフォースパイロット"
3064,25,500,"","多玛方城战","ドマシキマージャン"
3065,25,9,"","快刀斩魔","イッセンザンマデザンマイ"
3300,26,0,"@","【状态变化】","ジョウタイヘンカ."
3301,26,2,"","麻痹","マヒ"
3302,26,3,"","沉默","チンモク"
3303,26,4,"","眩晕","スタン"
3304,26,5,"","睡眠","スイミン"
3305,26,6,"","加重","-"
3306,26,7,"","石化","セキカ.."
3307,26,8,"","魅惑","ミリョウ"
3308,26,9,"","吸收","キュウシュウ"
3309,26,10,"","拘束","コウソク"
3310,26,11,"","变身","ヘンシン"
3311,26,1,"","中毒","ドク"
3313,25,326,"","选拔","-"
3314,25,329,"","官方锦标赛","-"
3500,8,101,"","","マル"
3501,8,102,"","","バツ"
3502,8,103,"","","サンカク"
3503,8,104,"","","シカク"
3504,8,1000,"","内圈","ナイシュウ"
3505,8,1001,"","外圈","ガイシュウ"
3506,8,1002,"","顺时针转","トケイマワリ"
3507,8,1003,"","逆时针转","ハントケイマワリ"
3508,8,1004,"","攻击姿态","コウゲキスタンス"
3509,8,1005,"","防御姿态","ボウギョスタンス"
3510,8,1050,"","预兆","ヨチョウ"
3511,8,1051,"","视线","シセン"
3512,8,1052,"","圆形","エンケイ"
3513,8,1053,"","扇形","オウギジョウ"
3514,8,1054,"","对角线","タイカクセン"
3515,8,1055,"","直线","チョクセン"
3516,8,1056,"","环形","ドーナツハンイ"
3517,8,1057,"","线","セン"
3518,8,1058,"","球","タマ"
3519,8,1059,"","地面","ジメン"
3520,8,1060,"","墙壁","カベ"
3521,8,1061,"","柱子","ハシラ"
3522,8,1062,"","岩石","イワ"
3523,8,1063,"","炎","ホノオ"
3524,8,1064,"","水","ミズ"
3525,8,1065,"","冰","コオリ"
3526,8,105,"","","プラス."
3527,8,1066,"","爆炸","バクハツ"
3528,8,1067,"","同时","ドウジ"
3529,8,1068,"","交替","コウゴ"
3531,8,1070,"","合体","ガッタイ"
3535,8,1074,"","集合","シュウゴウ"
3536,8,1075,"","散开","サンカイ"
3540,8,1076,"","分担伤害","アタマワリダメージ"
3541,8,1077,"","反射伤害","ハンシャダメージ"
3542,8,1078,"","持续伤害","ケイゾクダメージ"
3543,8,1079,"","模式变更","-"
3544,8,1080,"","阶段","-"
3545,8,1081,"","积累型强化","-"
3546,8,1082,"","积累型弱化","-"
3547,8,1083,"","随机目标","-"
3600,27,0,"@","【深层迷宫】","ディープダンジョン."
3601,27,1,"","转移石冢","テンイノセキトウ"
3602,27,2,"","再生石冢","サイセイノセキトウ"
3603,27,100,"","魔陶器：咒印解除","マドキジュインカイジョ"
3604,27,101,"","魔陶器：全景","マドキサイトロ"
3605,27,102,"","魔陶器：强化自身","マドキジコキョウカ"
3606,27,103,"","魔陶器：强化防御","マドキボウギョキョウカ"
3607,27,104,"","魔陶器：宝箱增加","マドキタカラバコゾウカ"
3608,27,105,"","魔陶器：减少敌人","マドキテキハイジョ"
3609,27,106,"","魔陶器：改变敌人","マドキテキヘンカ"
3610,27,107,"","魔陶器：解咒","マドキカイジュ"
3611,27,108,"","魔陶器：运气上升","マドキウンキジョウショウ"
3612,27,109,"","魔陶器：形态变化","マドキケイタイヘンカ"
3613,27,110,"","魔陶器：魔法效果解除","マドキマホウコウカカイジョ"
3614,27,111,"","魔陶器：曼提克化","マドキマンティコアカ"
3615,27,112,"","魔陶器：梦魔化","マドキサキュバスカ"
3616,27,113,"","魔陶器：感知宝藏","マドキザイホウカンチ"
3617,27,114,"","魔陶器：重生","マドキリレイズ"
3618,27,115,"","魔陶器：基路伯化","マドキクリブカ"
3619,27,116,"","魔陶器：弱化敌人","マドキテキジャクタイ"
3620,27,117,"","魔陶器：隐形","マドキバニシュ"
3621,27,118,"","魔陶器：石化敌人","マドキテキセキカ"
3622,27,200,"","伊弗利特魔石","イフリートノマセキ"
3623,27,201,"","泰坦魔石","タイタンノマセキ"
3624,27,202,"","迦楼罗魔石","ガルーダノマセキ"
3625,27,203,"","奥丁魔石","オーディンノマセキ"
3626,27,3,"","转移灯笼","テンイノトウロウ"
3627,27,4,"","再生灯笼","サイセイノトウロウ"
4000,17,430,"","魔素板","-"
4001,17,431,"","魔素融合器","-"
4002,17,432,"","魔素石","マショウセキ"
4003,17,433,"","属性值","ゾクセイチ"
4004,17,434,"","元素等级","-"
4005,17,435,"","文理碎晶","-"
4007,17,437,"","文理融合器","-"
4008,17,438,"","文理技能","-"
4009,17,439,"","禁地兵装","-"
4011,17,55,"","自定赛","-"
4012,17,106,"","金碟币","-"
4013,17,107,"","探险币","-"
4014,17,355,"","老主顾交易","オトクイサマトリヒキ"
4017,17,357,"","重建伊修加德","イシュガルドフッコウ"
4018,17,165,"","亚拉戈奇谭神典石","キタン."
4019,17,360,"","出海垂钓","-"
4020,17,359,"","天钢工具","-"
4021,17,361,"","幻巧拼图","ソーチョーノゲンソウバン"
4022,17,445,"","失传技能","-"
4023,17,444,"","失传技能库","-"
4024,17,443,"","失传技能保管箱","-"
4025,17,442,"","失传碎晶","-"
4026,17,440,"","战果","センカ"
4027,17,441,"","义军等级","-"
4028,17,74,"","自由探索","ジユウタンサク"
4029,17,166,"","亚拉戈默示神典石","モクシ."
4030,17,446,"","博兹雅晶簇","-"
4031,17,203,"","时尚配饰","-"
4032,17,448,"","义军武器","-"
4033,17,447,"","博兹雅搜索器","-"
4034,17,358,"","庆典","フェトゥ"
5000,24,3001,"","大型任务","-"
5001,24,6002,"","每日挑战","-"
5002,24,1210,"","岩燕庙","ガンエンビョウ"
5003,24,3522,"","封闭圣塔黎铎拉纳大灯塔","フウジラレタセイトウリドルアナ"
5004,24,2220,"","月读歼灭战","ツクヨミトウメツセン"
5005,24,2221,"","月读幽夜歼灭战","ゴクツクヨミトウメツセン"
5006,24,3401,"","究极神兵绝境战","ゼツアルテマウェポンハカイサクセン"
5007,24,4002,"","天之御柱","-"
5008,24,2225,"","火龙狩猎战","リオレウスシュリョウセン"
5009,24,2226,"","火龙上位狩猎战","ゴクリオレウスシュリョウセン"
5010,24,4052,"","恒冰之地","パゴスヘン"
5011,24,1200,"","妖歌海","セイレーンカイ"
5012,24,1205,"","阿拉米格","-"
5013,24,2111,"","圆桌骑士幻想歼灭战","ソウテンゲンソウナイツオブラインドトウメツセン"
5014,24,1211,"","终末焦土","ザバーン"
5015,24,2227,"","朱雀镇魂战","スザクセイコンセン"
5016,24,2228,"","朱雀诗魂战","ゴクスザクセイコンセン"
5017,24,3104,"","阿尔法幻境","アルファヘン"
5018,24,4053,"","涌火之地","ピューロスヘン"
5019,24,1206,"","黄金阁","クガネジョウ"
5020,24,4049,"","云冠群岛","ディアデムショトウ"
5021,24,1212,"","基姆利特暗区","-"
5022,24,2229,"","青龙镇魂战","セイリュウセイコンセン"
5023,24,2230,"","青龙诗魂战","ゴクセイリュウセイコンセン"
5024,24,3523,"","乐欲之所瓯博讷修道院","ギョウヨクノソウインオーボンヌ"
5025,24,4054,"","丰水之地","ヒュダトスヘン"
5026,24,6302,"","隐塞（机动战）","ヒドゥンゴージキコウセン"
5027,24,1213,"","水滩村","-"
5028,24,1214,"","多恩美格禁园","-"
5029,24,1215,"","奇坦那神影洞","キタンナミカゲドウ"
5030,24,1216,"","马里卡大井","マリカノオオイド"
5031,24,1217,"","格鲁格火山","グルグカザン"
5032,24,1218,"","亚马乌罗提","-"
5033,24,1219,"","希尔科斯孪晶塔","-"
5034,24,1220,"","阿尼德罗学院","-"
5035,24,2232,"","缇坦妮雅歼灭战","ティターニアトウメツセン"
5036,24,2233,"","缇坦妮雅歼殛战","ゴクティターニアトウメツセン"
5037,24,2234,"","无瑕灵君歼灭战","イノセンストウメツセン"
5038,24,2235,"","无瑕灵君歼殛战","ゴクイノセンストウメツセン"
5039,24,2236,"","哈迪斯歼灭战","ハーデストウメツセン"
5040,24,3105,"","伊甸希望乐园","キボウノソノエデン"
5041,24,3106,"","伊甸零式希望乐园","キボウノソノエデンレイシキ"
5042,24,3107,"","觉醒之章","カクセイヘン"
5043,24,2231,"","保镖歼灭战","シンヨウジンボウトウメツセン"
5044,24,4055,"","巴尔德西昂兵武塔","-"
5045,24,1221,"","宇宙宫","-"
5046,24,2237,"","哈迪斯孤念歼灭战","ゴクハーデストウメツセン"
5047,24,3402,"","亚历山大绝境战","ゼツアレキサンダートウメツセン"
5048,24,3530,"","复制工厂废墟","フクセイサレタコウジョウハイキョ"
5049,24,6209,"","昂萨哈凯尔（竞争战）","オンサルハカイルシュウセツセン"
5050,24,1222,"","阿尼德罗追忆馆","-"
5051,24,3108,"","共鸣之章","キョウメイヘン"
5052,24,2238,"","红宝石神兵破坏作战","ルビーウェポンハカイサクセン"
5053,24,2239,"","红宝石神兵狂想作战","ゴクルビーウェポンハカイサクセン"
5054,24,2240,"","博兹雅堡垒追忆战","ゴクシタデルボズヤツイオクセン"
5055,24,4057,"","南方博兹雅战线","ナンポウボズヤセンセン"
5056,24,1223,"","诺弗兰特","-"
5057,24,2241,"","光之战士歼灭战","ウォーリアオブライトトウメツセン"
5058,24,2242,"","光之战士幻耀歼灭战","ゴクウォーリアオブライトトウメツセン"
5059,24,3531,"","人偶军事基地","ニンギョウタチノグンジキチ"
5061,24,4058,"","冲突战","-"
5062,24,4059,"","紧急遭遇战","-"
5063,24,4056,"","天佑女王","セイブザクイーン"
5064,24,1224,"","玛托雅工作室","マトーヤノアトリエ"
5065,24,3109,"","再生之章","サイセイヘン"
5066,24,2245,"","绿宝石神兵破坏作战","エメラルドウェポンハカイサクセン"
5067,24,2246,"","绿宝石神兵狂想作战","ゴクエメラルドウェポンハカイサクセン"
5068,24,4061,"","女王古殿","グンヒルドディルーブラム"
5070,24,4060,"","帝国湖岸堡攻城战","コウジョウセン"
5071,24,1225,"","帕戈尔赞草原","-"
5072,24,2248,"","钻石神兵捕获作战","ダイヤウェポンホカクサクセン"
5073,24,2249,"","钻石神兵狂想作战","ゴクダイヤウェポンホカクサクセン"
5074,24,3532,"","希望之炮台：「塔」","キボウノホウダイトウ"
5076,24,4062,"","扎杜诺尔高原","ザトゥノルコウゲン"
5077,24,4063,"","旗舰达尔里阿达号攻略战","キカンダルリアータコウリャクセン"
